"","ms","just_set","modded","divd"
"1","cluster coefficient",1468.86651862356,137.874592200345,10.6536418000001
"2","cluster.coefficient.HL",31321.975796372,638.827188727962,49.0304363199389
"3","cluster.coefficient.LL",1557.35991140466,300.552238866191,5.18166132210385
"4","connectance",7457.78640357731,280.10587585665,26.6248838256931
"5","links per species",1731.13530918273,301.496094390707,5.74181669809416
"6","number of compartments",1.99684618817632e+31,3.29163857379016,6.06641994074413e+30
